{
    "accuracy": 0.13085714285714287,
    "precision": 0.0971924677207862,
    "recall": 0.12914653269998103,
    "f1_score": 0.07201442968717904
}